"customer_segment","segment_total_ltv","customers_in_segment","avg_ltv_per_customer"
"1 - Low Value ",4298367.206793769,"12372",347.427029323777
"2 - Mid Value",66367810.476215005,"24743",2682.2863224433177
"3 - High Value",135606968.7715609,"12372",10960.796053310774
